<application>
  <component name="GitRememberedInputs">
    <option name="visitedUrls">
      <list>
        <UrlAndUserName>
          <option name="url" value="http://gumivn.backlog.com" />
          <option name="userName" value="hoa.hoang@gumiviet.com" />
        </UrlAndUserName>
        <UrlAndUserName>
          <option name="url" value="http://github.com" />
          <option name="userName" value="hoangvanhoa1701@gmail.com" />
        </UrlAndUserName>
        <UrlAndUserName>
          <option name="url" value="http://dev.apri-cot.co.jp" />
          <option name="userName" value="hoangvanhoa1701" />
        </UrlAndUserName>
      </list>
    </option>
  </component>
  <component name="VcsApplicationSettings">
    <option name="COMMIT_FROM_LOCAL_CHANGES" value="true" />
  </component>
</application>