<application>
  <component name="FileTypeManager" version="17">
    <extensionMap>
      <removed_mapping ext="ignore" approved="true" type="IgnoreLang file" />
      <mapping pattern=".changelogrc" type="PLAIN_TEXT" />
      <mapping pattern=".keep" type="PLAIN_TEXT" />
      <mapping pattern="generate-react-dir" type="PLAIN_TEXT" />
      <mapping ext="graphqlconfig" type="PLAIN_TEXT" />
      <mapping ext="key" type="PLAIN_TEXT" />
      <mapping ext="pem" type="PLAIN_TEXT" />
      <removed_mapping ext="bat" approved="true" type="PLAIN_TEXT" />
      <removed_mapping ext="log" approved="true" type="PLAIN_TEXT" />
      <removed_mapping ext="cmd" approved="true" type="PLAIN_TEXT" />
      <removed_mapping ext="bat" approved="true" type="PLAIN_TEXT" />
      <removed_mapping ext="log" approved="true" type="PLAIN_TEXT" />
      <removed_mapping ext="graphqlconfig" approved="true" type="JSON" />
      <removed_mapping ext="dockerfile" approved="true" type="textmate" />
      <removed_mapping ext="makefile" approved="true" type="textmate" />
      <removed_mapping ext="ignore" approved="true" type="IgnoreLang file" />
      <removed_mapping pattern=".env" approved="true" type="PLAIN_TEXT" />
      <removed_mapping ext="cmd" approved="true" type="PLAIN_TEXT" />
      <removed_mapping ext="snakefile" approved="true" type="textmate" />
      <mapping pattern="commitlint" type="AUTO_DETECTED" />
    </extensionMap>
  </component>
</application>